Workbook

Sheet Budget
A1: Client_Name | B1: Project_ID | C1: Project_Name | D1: Role | E1: Budget_Hours | F1: Hourly_Rate | G1: Budget_Fee
A2: Alpha Bank | B2: AB001 | C2: 2025 Brand Refresh | D2: Sr Designer | E2: 120 | F2: 130 | G2: =Table1[[#This Row],[Budget_Hours]]*Table1[[#This Row],[Hourly_Rate]] -> 15600
A3: Alpha Bank | B3: AB001 | C3: 2025 Brand Refresh | D3: Jr Designer | E3: 160 | F3: 90 | G3: =Table1[[#This Row],[Budget_Hours]]*Table1[[#This Row],[Hourly_Rate]] -> 14400
A4: Alpha Bank | B4: AB001 | C4: 2025 Brand Refresh | D4: Account Manager | E4: 80 | F4: 110 | G4: =Table1[[#This Row],[Budget_Hours]]*Table1[[#This Row],[Hourly_Rate]] -> 8800
A5: Beta Telecom | B5: BT010 | C5: Website Redesign | D5: Sr Designer | E5: 100 | F5: 130 | G5: =Table1[[#This Row],[Budget_Hours]]*Table1[[#This Row],[Hourly_Rate]] -> 13000
A6: Beta Telecom | B6: BT010 | C6: Website Redesign | D6: Developer | E6: 180 | F6: 120 | G6: =Table1[[#This Row],[Budget_Hours]]*Table1[[#This Row],[Hourly_Rate]] -> 21600

Sheet Actuals
A1: Date | B1: Employee_Name | C1: Client_Name | D1: Project_ID | E1: Role | F1: Hours | G1: Hourly_Rate | H1: Fee_Used
A2: 45659 | B2: Jane Smith | C2: Alpha Bank | D2: AB001 | E2: Sr Designer | F2: 6.5 | G2: =VLOOKUP(E2,Budget!D:F,3,) -> 130 | H2: =Table3[[#This Row],[Hours]]*Table3[[#This Row],[Hourly_Rate]] -> 845
A3: 45660 | B3: Jane Smith | C3: Alpha Bank | D3: AB001 | E3: Sr Designer | F3: 7 | G3: =VLOOKUP(E3,Budget!D:F,3,) -> 130 | H3: =Table3[[#This Row],[Hours]]*Table3[[#This Row],[Hourly_Rate]] -> 910
A4: 45661 | B4: John Lee | C4: Alpha Bank | D4: AB001 | E4: Jr Designer | F4: 8 | G4: =VLOOKUP(E4,Budget!D:F,3,) -> 90 | H4: =Table3[[#This Row],[Hours]]*Table3[[#This Row],[Hourly_Rate]] -> 720
A5: 45662 | B5: John Lee | C5: Alpha Bank | D5: AB001 | E5: Jr Designer | F5: 7.5 | G5: =VLOOKUP(E5,Budget!D:F,3,) -> 90 | H5: =Table3[[#This Row],[Hours]]*Table3[[#This Row],[Hourly_Rate]] -> 675
A6: 45663 | B6: Sara Khan | C6: Alpha Bank | D6: AB001 | E6: Account Manager | F6: 5 | G6: =VLOOKUP(E6,Budget!D:F,3,) -> 110 | H6: =Table3[[#This Row],[Hours]]*Table3[[#This Row],[Hourly_Rate]] -> 550
A7: 45664 | B7: Sara Khan | C7: Alpha Bank | D7: AB001 | E7: Account Manager | F7: 6 | G7: =VLOOKUP(E7,Budget!D:F,3,) -> 110 | H7: =Table3[[#This Row],[Hours]]*Table3[[#This Row],[Hourly_Rate]] -> 660
A8: 45660 | B8: Jane Smith | C8: Beta Telecom | D8: BT010 | E8: Sr Designer | F8: 5.5 | G8: =VLOOKUP(E8,Budget!D:F,3,) -> 130 | H8: =Table3[[#This Row],[Hours]]*Table3[[#This Row],[Hourly_Rate]] -> 715
A9: 45661 | B9: Alex Kim | C9: Beta Telecom | D9: BT010 | E9: Developer | F9: 7 | G9: =VLOOKUP(E9,Budget!D:F,3,) -> 120 | H9: =Table3[[#This Row],[Hours]]*Table3[[#This Row],[Hourly_Rate]] -> 840
A10: 45662 | B10: Alex Kim | C10: Beta Telecom | D10: BT010 | E10: Developer | F10: 8.5 | G10: =VLOOKUP(E10,Budget!D:F,3,) -> 120 | H10: =Table3[[#This Row],[Hours]]*Table3[[#This Row],[Hourly_Rate]] -> 1020

Sheet Burn_Calcs
A1: Project _ID | B1: AB001 | C1: BT010
A2: Client_Name | B2: Alpha Bank | C2: Beta Telecom
A3: Total_Budget_Hours | B3: =SUMIF(Budget!B:B,B1,Budget!E:E) -> 360 | C3: =SUMIF(Budget!B:B,C1,Budget!F:F) -> 250
A4: Total_Actual_Hours | B4: =SUMIF(Actuals!D:D,B1,Actuals!F:F) -> 40 | C4: =SUMIF(Actuals!D:D,C1,Actuals!F:F) -> 21
A5: Hours_Remaining | B5: =B3-B4 -> 320 | C5: =C3-C4 -> 229
A6: Burn_Percentage | B6: =B4/B3 -> 0.11111111 | C6: =C4/C3 -> 0.084
A7: Budget_Fee | B7: =SUMIF(Budget!B:B,B1,Budget!G:G) -> 38800 | C7: =SUMIF(Table1[[#All],[Project_ID]],C1,Table1[[#All],[Budget_Fee]]) -> 34600
A8: Actual_Fee_Used | B8: =SUMIF(Actuals!D:D,B1,Actuals!H:H) -> 4360 | C8: =SUMIF(Actuals!D:D,C1,Actuals!H:H) -> 2575
A9: Fee_Remaining | B9: =B7-B8 -> 34440 | C9: =C7-C8 -> 32025
B11: AB001 | C11: BT010
A12: Hours Used | B12: =B4 -> 40 | C12: =C4 -> 21
A13: Hours Remaining | B13: =B5 -> 320 | C13: =C5 -> 229
